sha256,case_ratio,characters_count,under_line_count,under_line_ratio,word_count,word_len_avg,operator_count,operator_ratio,string_variables,string_len_word_avg,string_word_ratio,comment_words_count,comment_lines_count,comment_len_word_avg,comment_char_entropy,code_words_count,code_lines_count,code_len_word_avg,code_char_entropy,arithm_funcs_ratio,type_convers_funcs_ratio,text_funcs_ratio,obfuscation_funcs_ratio,high_imp_funcs_ratio,auto_funcs_ratio,open_funcs_ratio,get_funcs_ratio,proces_inters_ratio,lines_count,character_entropy,url_count,macro_size,file_size,macro_file_ratio,amount_of_files,code_files
7f9f5461dbcc8566d593e97e3c66f732dbf9791f404d27aeb029ec4e47bcd969,0.275,232,7,0.03,25,8.68,11,0.44,2,7.833,0.24,0,0,0,0,25,7,8.68,4.61,0,0,0,0,0,0,0,0,0,8,4.61,0,269,177664,0.002,1,1
97b07552841a9711ee1a73f5d4b6e8644a54456e1dc68c7ccbfd656982a1ebe5,0.264,311,9,0.029,34,8.529,9,0.265,3,13.333,0.088,0,0,0,0,34,12,8.529,4.723,0,0,0,0,0.029,0,0.029,0,0.029,12,4.723,1,368,28160,0.013,1,1
8f679bb987d9e6f30bfde9ebafe9b2bf97f6276612e0293bb1e2b1e6b2cdb5b8,0.283,254,8,0.031,27,8.778,12,0.444,2,7,0.185,0,0,0,0,27,8,8.778,4.619,0,0,0,0,0,0,0,0,0,8,4.619,0,294,18944,0.016,1,1
1a3c04f3de8d18f1f680d9e36cb40d761e31193fa66ce1137d13a78b306d1d60,0.267,245,8,0.033,24,9.708,8,0.333,2,16,0.083,0,0,0,0,24,8,9.708,4.552,0,0,0,0,0,0,0,0,0,8,4.552,0,285,1989120,0,1,1
95cad114bc95561cdd7ef7c8b23224f17d725a2552b717d8b4f9cce34ff2936f,0.282,259,8,0.031,28,8.679,12,0.429,2,6.833,0.214,0,0,0,0,28,8,8.679,4.621,0,0,0,0,0,0,0,0,0,27,4.621,0,337,763392,0,1,1
2f38f1db0cd16f78870138b14cd6966d44f94e3a6ded023f0e3b20b5869430ff,0.2,136,0,0,24,5,0,0,4,7,0.167,0,0,0,0,24,12,5,4.301,0,0,0,0,0,0,0,0,0.167,12,4.301,0,164,51712,0.003,4,4
9ba3b520ceebf53cb7ef55706054fb0be3749e464c369d36f8a8c00559fc0cc3,0.267,245,8,0.033,24,9.708,8,0.333,2,16,0.083,0,0,0,0,24,8,9.708,4.552,0,0,0,0,0,0,0,0,0,8,4.552,0,285,391168,0.001,1,1
cafbe2d875d8e9b09e61e541338949c4c288d20b4e445eb4e965809aaa0355a0,0.267,291,9,0.031,31,8.839,9,0.29,3,13,0.097,0,0,0,0,31,11,8.839,4.672,0,0,0,0,0,0,0,0,0,13,4.672,0,346,8704,0.04,2,2
290fe595c3e224cc0b415d461e5da4209276f45033ed2284fb99a49240280bff,0.283,254,8,0.031,27,8.778,12,0.444,2,7,0.185,0,0,0,0,27,8,8.778,4.619,0,0,0,0,0,0,0,0,0,8,4.619,0,294,36864,0.008,1,1
290fe595c3e224cc0b415d461e5da4209276f45033ed2284fb99a49240280bff,0.283,254,8,0.031,27,8.778,12,0.444,2,7,0.185,0,0,0,0,27,8,8.778,4.619,0,0,0,0,0,0,0,0,0,8,4.619,0,294,90624,0.003,1,1
62d37a29798b29c6015c8b4b460449001801b83c2d6a527ace574c6abce1774f,0.267,245,8,0.033,24,9.708,8,0.333,2,16,0.083,0,0,0,0,24,8,9.708,4.552,0,0,0,0,0,0,0,0,0,8,4.552,0,285,77824,0.004,1,1
7d0ed10bc737c924b4e519c05947cc657f2b869ed8d7a3ffdfbb39b67263b6ba,0.277,291,9,0.031,29,9.31,9,0.31,3,10,0.172,0,0,0,0,29,9,9.31,4.707,0,0,0,0,0,0,0,0,0,9,4.707,0,340,104448,0.003,1,1
87f1046d4f97127e226a893dada3286a1409cebf906df2fdd8a48de03faf6f08,0.278,265,8,0.03,28,8.893,12,0.429,2,7.833,0.214,0,0,0,0,28,8,8.893,4.662,0,0,0,0,0,0,0,0,0,8,4.662,0,305,45056,0.007,1,1
d8b8bdd89176d7e10ce5035ab654e6742a06f04e6b60b225f317f41bd115a76c,0.267,245,8,0.033,24,9.708,8,0.333,2,16,0.083,0,0,0,0,24,8,9.708,4.552,0,0,0,0,0,0,0,0,0,8,4.552,0,285,114176,0.002,1,1
b822938f3c926a94d530bee83fa4cd74ea603b54acf73a46236ada70aa88b4f3,0.277,288,9,0.031,31,8.677,13,0.419,3,7.286,0.226,0,0,0,0,31,9,8.677,4.748,0,0,0,0,0,0,0,0,0,10,4.748,0,335,1485312,0,2,2
8f679bb987d9e6f30bfde9ebafe9b2bf97f6276612e0293bb1e2b1e6b2cdb5b8,0.283,254,8,0.031,27,8.778,12,0.444,2,7,0.185,0,0,0,0,27,8,8.778,4.611,0,0,0,0,0,0,0,0,0,8,4.611,0,294,17408,0.017,1,1
7167446b63b65055148ab294ba35ba49ca1367a2bdc7743e870cdee863b92c1d,0.282,259,8,0.031,28,8.679,12,0.429,2,6.833,0.214,0,0,0,0,28,8,8.679,4.621,0,0,0,0,0,0,0,0,0,8,4.621,0,299,147456,0.002,1,1
8f679bb987d9e6f30bfde9ebafe9b2bf97f6276612e0293bb1e2b1e6b2cdb5b8,0.278,265,8,0.03,28,8.893,12,0.429,2,7.833,0.214,0,0,0,0,28,8,8.893,4.716,0,0,0,0,0,0,0,0,0,8,4.716,0,305,16384,0.019,1,1
6afe42dd72809e7fe4d02f35aa62a04e73dd44628eea7b54658cbf00b624f271,0.283,280,8,0.029,30,8.8,8,0.267,3,13.333,0.1,0,0,0,0,30,11,8.8,4.712,0,0,0,0,0.067,0.067,0,0,0.033,12,4.712,0,323,28672,0.011,1,1
bd0de9872f7a89f9c5847689204dd4cd9a6250085da59765582cf6c1b2298cdb,0.267,245,8,0.033,24,9.708,8,0.333,2,16,0.083,0,0,0,0,24,8,9.708,4.552,0,0,0,0,0,0,0,0,0,8,4.552,0,285,93696,0.003,1,1
444f83da3fd725edf32d6961069b5666132e71fe80168cd41b7d47cae309d633,0,0,0,0,0,0,0,0,0,0,0,0,0,0,0,0,0,0,0,0,0,0,0,0,0,0,0,0,1,0,0,227,34816,0.007,1,1
0c48968856114c13361e42e4a166ac6559626feefe5f2ef1a9c8eff297bf88a9,0.283,261,8,0.031,27,8.778,12,0.444,2,7,0.185,0,0,0,0,27,8,8.778,4.688,0,0,0,0,0,0,0,0,0,8,4.688,0,301,539136,0.001,3,1
27c943e8aff4b3b9f17857c91c4caf2951fe5c5f80ffdb4b6f8003344d6bb706,0.282,259,8,0.031,28,8.679,12,0.429,2,6.833,0.214,0,0,0,0,28,8,8.679,4.621,0,0,0,0,0,0,0,0,0,9,4.621,0,301,27648,0.011,1,1
8f679bb987d9e6f30bfde9ebafe9b2bf97f6276612e0293bb1e2b1e6b2cdb5b8,0.278,265,8,0.03,28,8.893,12,0.429,2,7.833,0.214,0,0,0,0,28,8,8.893,4.716,0,0,0,0,0,0,0,0,0,8,4.716,0,305,15872,0.019,1,1
603dc20647d0879ec0eb2a9930fc7a75fcb243516de19c1f1c51a536fa6dd258,0.267,245,8,0.033,24,9.708,8,0.333,2,16,0.083,0,0,0,0,24,8,9.708,4.552,0,0,0,0,0,0,0,0,0,8,4.552,0,285,472576,0.001,1,1
75510e5929c74bafa50d3d932587f645e14f74a6ecc23481cf74e7ef1a340bee,0,0,0,0,0,0,0,0,0,0,0,0,0,0,0,0,0,0,0,0,0,0,0,0,0,0,0,0,0,0,0,0,12800,0,1,0
a829cc2e63041613d264f9d64374be67f7ead0564caed1b830c6f54a59146219,0.267,245,8,0.033,24,9.708,8,0.333,2,16,0.083,0,0,0,0,24,8,9.708,4.552,0,0,0,0,0,0,0,0,0,8,4.552,0,285,1484800,0,1,1
4df6d69ca80a5085c6505dd71f4fa119db64304777a01ae6fa838cf1fab441c4,0.282,259,8,0.031,28,8.679,12,0.429,2,6.833,0.214,0,0,0,0,28,8,8.679,4.621,0,0,0,0,0,0,0,0,0,8,4.621,0,299,346112,0.001,1,1
8f679bb987d9e6f30bfde9ebafe9b2bf97f6276612e0293bb1e2b1e6b2cdb5b8,0.283,254,8,0.031,27,8.778,12,0.444,2,7,0.185,0,0,0,0,27,8,8.778,4.619,0,0,0,0,0,0,0,0,0,8,4.619,0,294,16896,0.017,1,1
8f679bb987d9e6f30bfde9ebafe9b2bf97f6276612e0293bb1e2b1e6b2cdb5b8,0.283,293,9,0.031,31,8.839,13,0.419,3,8,0.226,0,0,0,0,31,9,8.839,4.7,0,0,0,0,0,0,0,0,0,9,4.7,0,338,3741696,0,2,2
e3602d9e58e222a605d42b7a2a0320cbdf0060afa9da58e0c2e963cd9fcd425a,0.269,307,9,0.029,29,9.862,9,0.31,3,13.2,0.172,0,0,0,0,29,9,9.862,4.684,0,0,0,0,0,0,0,0,0,9,4.684,0,356,26624,0.013,1,1
b77a8ed707e7a7e88c3b87b571f695ef26dddc9cb09327834ba2ef924a5b6e8c,0.267,245,8,0.033,24,9.708,8,0.333,2,16,0.083,0,0,0,0,24,8,9.708,4.552,0,0,0,0,0,0,0,0,0,8,4.552,0,285,304128,0.001,1,1
e6c220ccf9a522ba0c85c67996f1d93896357b27418a864c42f98d5ecbda2125,0.263,212,7,0.033,21,9.571,7,0.333,2,16,0.095,0,0,0,0,21,7,9.571,4.508,0,0,0,0,0,0,0,0,0,7,4.508,0,247,58880,0.004,1,1
a02601b84ab427a84f6a97daff16660c0551c85b4a0ab139d99abe99f1da82c6,0.273,273,9,0.033,27,9.556,9,0.333,3,13.667,0.111,0,0,0,0,27,9,9.556,4.582,0,0,0,0,0,0,0,0,0,9,4.582,0,318,15872,0.02,2,2
290fe595c3e224cc0b415d461e5da4209276f45033ed2284fb99a49240280bff,0.283,254,8,0.031,27,8.778,12,0.444,2,7,0.185,0,0,0,0,27,8,8.778,4.619,0,0,0,0,0,0,0,0,0,8,4.619,0,294,33792,0.009,1,1
36d25d153fcdff7a12151892b9230c54a719c2ea45456a6583ebb611737cae8d,0.324,311,9,0.029,29,10,9,0.31,3,14,0.172,0,0,0,0,29,9,10,4.743,0,0,0,0,0,0,0,0,0,9,4.743,0,360,291840,0.001,1,1
ef1b2f669b478d792a1a327bc65863018c91ee0614b0e5bcaebcb6646d00b67a,0.267,245,8,0.033,24,9.708,8,0.333,2,16,0.083,0,0,0,0,24,8,9.708,4.552,0,0,0,0,0,0,0,0,0,8,4.552,0,285,76800,0.004,1,1
b4ddb75b09df43c682c7a0a626614a248ab3561a4d9c44f0801d63b8372c8707,0.267,245,8,0.033,24,9.708,8,0.333,2,16,0.083,0,0,0,0,24,8,9.708,4.552,0,0,0,0,0,0,0,0,0,8,4.552,0,285,91136,0.003,1,1
86fbd18945d664bc2e1f5dcfb475b6a6a6c60b2828374d559a2cdda667e4043c,0.267,245,8,0.033,24,9.708,8,0.333,2,16,0.083,0,0,0,0,24,8,9.708,4.552,0,0,0,0,0,0,0,0,0,8,4.552,0,285,146433,0.002,1,1
8f679bb987d9e6f30bfde9ebafe9b2bf97f6276612e0293bb1e2b1e6b2cdb5b8,0.278,265,8,0.03,28,8.893,12,0.429,2,7.833,0.214,0,0,0,0,28,8,8.893,4.716,0,0,0,0,0,0,0,0,0,8,4.716,0,305,75264,0.004,1,1
f7dc092b4ac5c6038a6b45307b59e272cdba2f16e756b0c564fb5ea20a1016a7,0.282,260,8,0.031,28,8.714,12,0.429,2,7,0.214,0,0,0,0,28,8,8.714,4.642,0,0,0,0,0,0,0,0,0,8,4.642,0,300,143872,0.002,1,1
4f792491cd864f30d631cae96fe67ab68fbcab0911f2c27102e3a42eb9e2f3ac,0.357,23,1,0.043,3,6.667,1,0.333,1,4,0.333,0,0,0,0,3,1,6.667,3.795,0,0,0,0,0,0,0,0,0,1,3.795,0,28,65536,0,1,1
99123a6008e43706e9b35e27d61fec4c00b27e12dc6e2bae28d88a2fd76611c4,0.273,273,9,0.033,27,9.556,9,0.333,3,13.667,0.111,0,0,0,0,27,9,9.556,4.582,0,0,0,0,0,0,0,0,0,9,4.582,0,309,47616,0.006,2,2
8f679bb987d9e6f30bfde9ebafe9b2bf97f6276612e0293bb1e2b1e6b2cdb5b8,0.278,265,8,0.03,28,8.893,12,0.429,2,7.833,0.214,0,0,0,0,28,8,8.893,4.716,0,0,0,0,0,0,0,0,0,8,4.716,0,305,18944,0.016,1,1
715ee44819b5dfadbba7e55aa53c6fe750131ca2fb38a050f666547f182f7419,0.267,245,8,0.033,24,9.708,8,0.333,2,16,0.083,0,0,0,0,24,8,9.708,4.552,0,0,0,0,0,0,0,0,0,8,4.552,0,285,165376,0.002,1,1
3462dcb3a429a62ed75643caef72a52905833cd7403b38344ee1d5e9afc0496a,0.303,245,2,0.008,44,4.091,19,0.432,15,2.417,0.273,0,0,0,0,44,15,4.091,4.91,0,0,0,0,0.023,0.023,0,0,0,34,4.91,0,361,13312,0.027,1,1
cf7c4e9247bb1b4e2516cbc2db4086f312b6248d963180578f61b56c131dd661,0.267,245,8,0.033,24,9.708,8,0.333,2,16,0.083,0,0,0,0,24,8,9.708,4.552,0,0,0,0,0,0,0,0,0,8,4.552,0,285,87552,0.003,1,1
86130bdfc3f0c65b035a0a529c4dbe8ecfa0beb20946ee8e24ebb8609d877155,0.278,265,8,0.03,28,8.893,12,0.429,2,7.833,0.214,0,0,0,0,28,8,8.893,4.716,0,0,0,0,0,0,0,0,0,8,4.716,0,305,41472,0.007,1,1
4660607bc70c30c53876fd26baa7a0fd67705d8bfedea90f9f150c519f39e4db,0.267,245,8,0.033,24,9.708,8,0.333,2,16,0.083,0,0,0,0,24,8,9.708,4.552,0,0,0,0,0,0,0,0,0,8,4.552,0,277,116224,0.002,1,1
6fb9484b078059bd4cc005e84ca8ede0c504784ea6a1514e56ef9c0aba7aa035,0.276,305,9,0.03,33,8.606,9,0.273,4,11.25,0.121,0,0,0,0,33,12,8.606,4.71,0,0,0,0,0.03,0.03,0,0,0.03,12,4.71,0,359,11264,0.032,2,2
0dee93738532a0b6b5e53e5fa48467380db71b00fd43b3dc974ebb3826fd87d9,0.267,245,8,0.033,24,9.708,8,0.333,2,16,0.083,0,0,0,0,24,8,9.708,4.552,0,0,0,0,0,0,0,0,0,8,4.552,0,285,36352,0.008,1,1
290fe595c3e224cc0b415d461e5da4209276f45033ed2284fb99a49240280bff,0.283,254,8,0.031,27,8.778,12,0.444,2,7,0.185,0,0,0,0,27,8,8.778,4.619,0,0,0,0,0,0,0,0,0,8,4.619,0,294,25600,0.011,1,1
8f679bb987d9e6f30bfde9ebafe9b2bf97f6276612e0293bb1e2b1e6b2cdb5b8,0.278,265,8,0.03,28,8.893,12,0.429,2,7.833,0.214,0,0,0,0,28,8,8.893,4.716,0,0,0,0,0,0,0,0,0,8,4.716,0,305,23040,0.013,1,1
0f2c2e665d541581374c0403005ecb5a408577a2d3681ac9e7a7f2212e0cc9b2,0.269,309,9,0.029,33,8.758,8,0.242,4,11.25,0.121,0,0,0,0,33,11,8.758,4.831,0,0,0,0,0.03,0,0.03,0,0.03,11,4.831,0,363,7680,0.047,1,1
7ec7199780db1fa0a0f25973283a05e58593a7ffaac0147aab9924795ee1a0a2,0.249,312,7,0.022,29,10.241,9,0.31,2,16,0.069,0,0,0,0,29,11,10.241,4.756,0,0,0,0,0.034,0.034,0,0,0,11,4.756,0,361,37888,0.01,1,1
8f679bb987d9e6f30bfde9ebafe9b2bf97f6276612e0293bb1e2b1e6b2cdb5b8,0.278,265,8,0.03,28,8.893,12,0.429,2,7.833,0.214,0,0,0,0,28,8,8.893,4.716,0,0,0,0,0,0,0,0,0,8,4.716,0,305,14848,0.021,1,1
bb294b8a1645a50485bd849dc86f4da13332799379d450b6c09592aacca0d2ae,0.313,26,1,0.038,3,7.667,1,0.333,1,7,0.333,0,0,0,0,3,1,7.667,4.181,0,0,0,0,0,0,0,0,0,1,4.181,0,31,94720,0,1,1
46545e49981a542ada14b8da5396722a57d361bf42060d19a98dcbe50252b66c,0.278,265,8,0.03,28,8.893,12,0.429,2,7.833,0.214,0,0,0,0,28,8,8.893,4.716,0,0,0,0,0,0,0,0,0,8,4.716,0,305,97280,0.003,1,1
c91bfb26b9ee30ac14c4962b0ee87e01e08a9bbe76e7028b667ed05d29bd7e60,0.317,101,2,0.02,12,7.417,2,0.167,2,17.5,0.167,0,0,0,0,12,5,7.417,5.074,0,0,0,0,0.083,0.083,0,0,0.083,7,5.074,1,124,24064,0.005,3,1
fcb45466a3c46a21e1bbbde7f67ff3cdb9bd20a3df63fe2a73d9b1339d49dfe3,0.282,259,8,0.031,28,8.679,12,0.429,2,6.833,0.214,0,0,0,0,28,8,8.679,4.621,0,0,0,0,0,0,0,0,0,8,4.621,0,299,143360,0.002,1,1
1b17d5b1b423b926a61b5982dc255285b8c25c9826aea6d97ce19d7fce56efea,0.28,307,10,0.033,35,8.229,13,0.371,3,7,0.2,0,0,0,0,35,10,8.229,4.732,0,0,0,0,0,0,0,0,0,11,4.732,0,359,617472,0.001,2,2
2f7dd28d07af2332ca9b26ec6a74d7bd22bed4830dba589251cba91cec5fd02e,0.271,271,9,0.033,27,9.481,9,0.333,3,13,0.111,0,0,0,0,27,9,9.481,4.569,0,0,0,0,0,0,0,0,0,11,4.569,0,320,102912,0.003,2,2
8f679bb987d9e6f30bfde9ebafe9b2bf97f6276612e0293bb1e2b1e6b2cdb5b8,0.283,254,8,0.031,27,8.778,12,0.444,2,7,0.185,0,0,0,0,27,8,8.778,4.619,0,0,0,0,0,0,0,0,0,8,4.619,0,294,31232,0.009,1,1
8f679bb987d9e6f30bfde9ebafe9b2bf97f6276612e0293bb1e2b1e6b2cdb5b8,0.278,265,8,0.03,28,8.893,12,0.429,2,7.833,0.214,0,0,0,0,28,8,8.893,4.716,0,0,0,0,0,0,0,0,0,8,4.716,0,305,38912,0.008,1,1
625ca7b800eb33d3da716f24d429332a150a3f231eaac4a99290e3604787a9a8,0.283,254,8,0.031,27,8.778,12,0.444,2,7,0.185,0,0,0,0,27,8,8.778,4.619,0,0,0,0,0,0,0,0,0,8,4.619,0,294,191488,0.002,1,1
9041419bf5949de850edc70269bb948e7d513eb90d02e135d77967421dcc6943,0.282,260,8,0.031,28,8.714,12,0.429,2,7,0.214,0,0,0,0,28,8,8.714,4.642,0,0,0,0,0,0,0,0,0,8,4.642,0,300,61952,0.005,1,1
18c09184f24e97f1f7fa0cb1647b9e6cce2b2937a14a944f1cb57a5c57978741,0.511,187,3,0.016,26,6.346,5,0.192,3,17.5,0.154,0,0,0,0,26,8,6.346,5.238,0,0,0,0,0.038,0.038,0,0.038,0.038,12,5.238,0,228,10752,0.021,1,1
b66b810b26dc088e9c3068e6f2eb32a64fed117ad00d54fad4c75e5a98e3aaaa,0.267,245,8,0.033,24,9.708,8,0.333,2,16,0.083,0,0,0,0,24,8,9.708,4.552,0,0,0,0,0,0,0,0,0,8,4.552,0,285,41984,0.007,1,1
d79cef9176ef643ac146985aa72caaa09b9cc235a452983455058dff2ae7034a,0.286,31,1,0.032,3,9.333,1,0.333,1,12,0.333,0,0,0,0,3,1,9.333,4.285,0,0,0,0,0,0,0,0,0,1,4.285,0,36,38400,0.001,1,1
8f679bb987d9e6f30bfde9ebafe9b2bf97f6276612e0293bb1e2b1e6b2cdb5b8,0.282,259,8,0.031,28,8.679,12,0.429,2,6.833,0.214,0,0,0,0,28,8,8.679,4.632,0,0,0,0,0,0,0,0,0,8,4.632,0,299,77824,0.004,1,1
8f679bb987d9e6f30bfde9ebafe9b2bf97f6276612e0293bb1e2b1e6b2cdb5b8,0.282,259,8,0.031,28,8.679,12,0.429,2,6.833,0.214,0,0,0,0,28,8,8.679,4.632,0,0,0,0,0,0,0,0,0,8,4.632,0,299,60416,0.005,1,1
797c1681a5dba67d8f9c87e9a235d5c93974547c830f450afd27b26a70aa9267,0,0,0,0,0,0,0,0,0,0,0,0,0,0,0,0,0,0,0,0,0,0,0,0,0,0,0,0,0,0,0,0,13312,0,1,0
2994dea8baa0d696c423bad3bd0f1868df20f340e3585b1b602879b0da9a4e88,0.339,312,9,0.029,33,8.697,13,0.394,3,7.333,0.273,0,0,0,0,33,9,8.697,5.004,0,0,0,0,0,0,0,0,0,9,5.004,0,361,98304,0.004,1,1
173785183a9d4a249613d0e51dceae54cbf95c7b3693a0811155a48e58ce1027,0.278,265,8,0.03,28,8.893,12,0.429,2,7.833,0.214,0,0,0,0,28,8,8.893,4.716,0,0,0,0,0,0,0,0,0,8,4.716,0,305,49664,0.006,1,1
67d2791d9963ee15bb079cc1bfcbd94f4786a4bc62d359cecd78a76befd4fcae,0.261,254,8,0.031,24,10.083,8,0.333,2,20.5,0.083,0,0,0,0,24,8,10.083,4.557,0,0,0,0,0,0,0,0,0,8,4.557,0,294,198144,0.001,1,1
8f679bb987d9e6f30bfde9ebafe9b2bf97f6276612e0293bb1e2b1e6b2cdb5b8,0.282,259,8,0.031,28,8.679,12,0.429,2,6.833,0.214,0,0,0,0,28,8,8.679,4.632,0,0,0,0,0,0,0,0,0,8,4.632,0,299,19968,0.015,1,1
a7aa6e3ba284aa880b6d9f8f997392338c21a59b5d386887e24b15c3aa83cd5a,0.267,245,8,0.033,24,9.708,8,0.333,2,16,0.083,0,0,0,0,24,8,9.708,4.552,0,0,0,0,0,0,0,0,0,8,4.552,0,285,109568,0.003,1,1
8f679bb987d9e6f30bfde9ebafe9b2bf97f6276612e0293bb1e2b1e6b2cdb5b8,0.278,265,8,0.03,28,8.893,12,0.429,2,7.833,0.214,0,0,0,0,28,8,8.893,4.716,0,0,0,0,0,0,0,0,0,8,4.716,0,305,15872,0.019,1,1
524664479ed26572a85942dff7112d8c1f1b112923d2935b11aded16265ac9d5,0,0,0,0,0,0,0,0,0,0,0,0,0,0,0,0,0,0,0,0,0,0,0,0,0,0,0,0,0,0,0,0,206336,0,1,0
3faf405a39254a87b93914637d09f7a0f76a8c52cc356bac2be15788309466c0,0,0,0,0,0,0,0,0,0,0,0,0,0,0,0,0,0,0,0,0,0,0,0,0,0,0,0,0,0,0,0,0,33792,0,1,0
8f679bb987d9e6f30bfde9ebafe9b2bf97f6276612e0293bb1e2b1e6b2cdb5b8,0.283,254,8,0.031,27,8.778,12,0.444,2,7,0.185,0,0,0,0,27,8,8.778,4.608,0,0,0,0,0,0,0,0,0,8,4.608,0,294,20992,0.014,1,1
2c146792f025e2605d0e12cad497e2ef5cb37aebc3ba5ebd8fd921de20c19396,0.273,273,9,0.033,27,9.556,9,0.333,3,13.667,0.111,0,0,0,0,27,9,9.556,4.582,0,0,0,0,0,0,0,0,0,9,4.582,0,318,94720,0.003,2,2
a14034b0880d51574d08e07f6fcb10d3960ac7e823f8b63effb05b0e4057da09,0.313,26,1,0.038,3,7.667,1,0.333,1,7,0.333,0,0,0,0,3,1,7.667,4.181,0,0,0,0,0,0,0,0,0,1,4.181,0,31,96256,0,1,1
da94b784a09954ab27efc64c6e6a16f988fe6b26124a1f91ed9474ab2df76658,0.278,265,8,0.03,28,8.893,12,0.429,2,7.833,0.214,0,0,0,0,28,8,8.893,4.716,0,0,0,0,0,0,0,0,0,8,4.716,0,305,93696,0.003,1,1
87c2446ee7f1c834b04728468295165fb4c4c09105d80439f3518160194e544a,0.267,245,8,0.033,24,9.708,8,0.333,2,16,0.083,0,0,0,0,24,8,9.708,4.552,0,0,0,0,0,0,0,0,0,8,4.552,0,285,70656,0.004,1,1
7c3e77452d7ef64b8197228221bc8fda7d17b114b5c2e87d18fd23d2536e9267,0.285,307,9,0.029,33,8.667,9,0.273,4,11.5,0.121,0,0,0,0,33,12,8.667,4.749,0,0,0,0,0.03,0.03,0,0,0.03,14,4.749,0,369,31232,0.012,2,2
07d6b0dd4578c574e1995fd9a5ecacf1e1535edeecf1b8c4bf4286684ee8f3a8,0.261,308,8,0.026,30,9.767,9,0.3,2,16,0.067,0,0,0,0,30,11,9.767,4.713,0,0,0,0,0.033,0.033,0,0,0,13,4.713,0,362,35840,0.01,1,1
1265798d2e32249063d5d9a2e4cc48ec35431667f78890a2bad095314724ec43,0,44,0,0,6,7.333,0,0,0,0,0,0,0,0,0,6,2,7.333,3.516,0,0,0,0,0,0,0,0,0,2,3.516,0,52,12800,0.004,2,2
4dfcccec355ef26acdf717f6978736d760a1d671954aab5da05cb7eacc80db09,0.283,254,8,0.031,27,8.778,12,0.444,2,7,0.185,0,0,0,0,27,8,8.778,4.619,0,0,0,0,0,0,0,0,0,8,4.619,0,294,47616,0.006,1,1
8f679bb987d9e6f30bfde9ebafe9b2bf97f6276612e0293bb1e2b1e6b2cdb5b8,0.282,259,8,0.031,28,8.679,12,0.429,2,6.833,0.214,0,0,0,0,28,8,8.679,4.621,0,0,0,0,0,0,0,0,0,8,4.621,0,299,35840,0.008,1,1
7cbff67444e84863df3434390568567ad5888285605ff19189be04f91e3f939c,0.267,245,8,0.033,24,9.708,8,0.333,2,16,0.083,0,0,0,0,24,8,9.708,4.552,0,0,0,0,0,0,0,0,0,8,4.552,0,285,349696,0.001,1,1
06a59b72738c1bfaa34c154b96752823155ca410ad5894dbb01342bc00adb668,0.282,259,8,0.031,28,8.679,12,0.429,2,6.833,0.214,0,0,0,0,28,8,8.679,4.632,0,0,0,0,0,0,0,0,0,8,4.632,0,299,391680,0.001,1,1
8f679bb987d9e6f30bfde9ebafe9b2bf97f6276612e0293bb1e2b1e6b2cdb5b8,0.282,259,8,0.031,28,8.679,12,0.429,2,6.833,0.214,0,0,0,0,28,8,8.679,4.624,0,0,0,0,0,0,0,0,0,8,4.624,0,299,17408,0.017,1,1
290fe595c3e224cc0b415d461e5da4209276f45033ed2284fb99a49240280bff,0.283,254,8,0.031,27,8.778,12,0.444,2,7,0.185,0,0,0,0,27,8,8.778,4.619,0,0,0,0,0,0,0,0,0,8,4.619,0,294,54272,0.005,1,1
eb704e291332d2dc7635047f49f70f7e6d4d7d15a744acf56ae306401db4faec,0.249,312,7,0.022,29,10.241,9,0.31,2,16,0.069,0,0,0,0,29,11,10.241,4.756,0,0,0,0,0.034,0.034,0,0,0,11,4.756,0,361,40448,0.009,1,1
fffb07bf786a17fede0a299442883eedc4e00d789c07728910baad16b06181dd,0.267,245,8,0.033,24,9.708,8,0.333,2,16,0.083,0,0,0,0,24,8,9.708,4.552,0,0,0,0,0,0,0,0,0,8,4.552,0,285,69632,0.004,1,1
326d097f57753ed222fbd5316ac0a7b303ed7a021141e63e0c3d16c98b6cad93,0.26,312,9,0.029,31,9.484,8,0.258,3,19.667,0.097,0,0,0,0,31,11,9.484,4.856,0,0,0,0,0.032,0,0.032,0,0.032,11,4.856,1,362,10240,0.035,1,1
14533c3695263d3cd67e18ed826688769adf6cce021884f225001d428c99002d,0.267,245,8,0.033,24,9.708,8,0.333,2,16,0.083,0,0,0,0,24,8,9.708,4.552,0,0,0,0,0,0,0,0,0,8,4.552,0,285,260096,0.001,1,1
e6b1ad2b0250eef37d21e7fd392a1f22943d388d68eadaacdd625c5944b34471,0.269,275,9,0.033,29,9,8,0.276,2,16,0.069,0,0,0,0,29,10,9,4.658,0,0,0,0,0.034,0,0.034,0,0,11,4.658,0,324,29184,0.011,1,1
8f679bb987d9e6f30bfde9ebafe9b2bf97f6276612e0293bb1e2b1e6b2cdb5b8,0.283,254,8,0.031,27,8.778,12,0.444,2,7,0.185,0,0,0,0,27,8,8.778,4.619,0,0,0,0,0,0,0,0,0,8,4.619,0,294,21504,0.014,1,1
6fb918a66f6431ecc8583134bd78a83a992dc23f60981e9f7ba5286d86d7aa0c,0.266,303,9,0.03,33,8.545,13,0.394,3,13.667,0.091,2,1,5,2.664,31,11,8.774,4.656,0,0,0,0,0,0,0,0,0,16,4.705,0,366,118272,0.003,2,2
3fdadaf7ad283b7744e0a9d9037fc84168ff952c7e9c843981e583bf7d5c4642,0.282,259,8,0.031,28,8.679,12,0.429,2,6.833,0.214,0,0,0,0,28,8,8.679,4.632,0,0,0,0,0,0,0,0,0,8,4.632,0,299,32256,0.009,1,1
8f679bb987d9e6f30bfde9ebafe9b2bf97f6276612e0293bb1e2b1e6b2cdb5b8,0.283,254,8,0.031,27,8.778,12,0.444,2,7,0.185,0,0,0,0,27,8,8.778,4.619,0,0,0,0,0,0,0,0,0,8,4.619,0,294,17408,0.017,1,1
cb11e6a03446e0bdcfc78017d98e8e6cd8604bb24ff554001d31f1ee17d04e41,0.261,254,8,0.031,24,10.083,8,0.333,2,20.5,0.083,0,0,0,0,24,8,10.083,4.557,0,0,0,0,0,0,0,0,0,8,4.557,0,294,227840,0.001,1,1
ccdd93841d9c59ba623fb3f07d6da881ed829ed1897776ce6b1487437d7e7d04,0.278,302,9,0.03,33,8.576,9,0.273,4,12,0.121,0,0,0,0,33,12,8.576,4.701,0,0,0,0,0,0,0,0,0.03,14,4.701,1,360,8704,0.041,2,2
5531c6830927fba4e487f76f498857e87d247ce514585752e8cef205f1df77fa,0.282,261,8,0.031,28,8.75,12,0.429,2,7.167,0.214,0,0,0,0,28,8,8.75,4.65,0,0,0,0,0,0,0,0,0,8,4.65,0,301,46592,0.006,1,1
8f679bb987d9e6f30bfde9ebafe9b2bf97f6276612e0293bb1e2b1e6b2cdb5b8,0.278,265,8,0.03,28,8.893,12,0.429,2,7.833,0.214,0,0,0,0,28,8,8.893,4.716,0,0,0,0,0,0,0,0,0,8,4.716,0,305,12800,0.024,1,1
659c79bd75d53ae6c8d6a029f3c9b785101c0299db343640f3fd8460566f1542,0.267,245,8,0.033,24,9.708,8,0.333,2,16,0.083,0,0,0,0,24,8,9.708,4.552,0,0,0,0,0,0,0,0,0,8,4.552,0,285,110080,0.003,1,1
8f679bb987d9e6f30bfde9ebafe9b2bf97f6276612e0293bb1e2b1e6b2cdb5b8,0.283,254,8,0.031,27,8.778,12,0.444,2,7,0.185,0,0,0,0,27,8,8.778,4.619,0,0,0,0,0,0,0,0,0,8,4.619,0,294,15360,0.019,1,1
8d68a32ec1488ccea50d987c268e79cc9a49797fa8ae7a55cbf4c3bbcb6ab6f4,0.282,260,8,0.031,28,8.714,12,0.429,2,7,0.214,0,0,0,0,28,8,8.714,4.635,0,0,0,0,0,0,0,0,0,9,4.635,0,302,44544,0.007,1,1
8f679bb987d9e6f30bfde9ebafe9b2bf97f6276612e0293bb1e2b1e6b2cdb5b8,0.278,265,8,0.03,28,8.893,12,0.429,2,7.833,0.214,0,0,0,0,28,8,8.893,4.716,0,0,0,0,0,0,0,0,0,8,4.716,0,305,39424,0.008,1,1
8f679bb987d9e6f30bfde9ebafe9b2bf97f6276612e0293bb1e2b1e6b2cdb5b8,0.278,265,8,0.03,28,8.893,12,0.429,2,7.833,0.214,0,0,0,0,28,8,8.893,4.716,0,0,0,0,0,0,0,0,0,8,4.716,0,305,55296,0.006,1,1
8f679bb987d9e6f30bfde9ebafe9b2bf97f6276612e0293bb1e2b1e6b2cdb5b8,0.282,259,8,0.031,28,8.679,12,0.429,2,6.833,0.214,0,0,0,0,28,8,8.679,4.632,0,0,0,0,0,0,0,0,0,8,4.632,0,299,25088,0.012,1,1
e490407bf470a6454dd35077ca5eabf04e8b14ad9079a3b6127936c5fe8b1077,0.282,260,8,0.031,28,8.714,12,0.429,2,7,0.214,0,0,0,0,28,8,8.714,4.635,0,0,0,0,0,0,0,0,0,8,4.635,0,300,200704,0.001,1,1
b5827cc55e3ecba84d075a6f12a764d292df549b8d174ac39c227c7ef50eb21d,0.267,245,8,0.033,24,9.708,8,0.333,2,16,0.083,0,0,0,0,24,8,9.708,4.552,0,0,0,0,0,0,0,0,0,8,4.552,0,285,73728,0.004,1,1
ceb6ea717f494123f29151bf23b5947c45d07c6ba29e55a47c635eef70a9b2e5,0,0,0,0,0,0,0,0,0,0,0,0,0,0,0,0,0,0,0,0,0,0,0,0,0,0,0,0,0,0,0,0,60416,0,1,0
290fe595c3e224cc0b415d461e5da4209276f45033ed2284fb99a49240280bff,0.283,254,8,0.031,27,8.778,12,0.444,2,7,0.185,0,0,0,0,27,8,8.778,4.619,0,0,0,0,0,0,0,0,0,8,4.619,0,294,36864,0.008,1,1
8cb5d06f9c08518311795b77e6100a519c84e7d81c066a5ae48f33266fa9c796,0.278,265,8,0.03,28,8.893,12,0.429,2,7.833,0.214,0,0,0,0,28,8,8.893,4.716,0,0,0,0,0,0,0,0,0,8,4.716,0,305,52224,0.006,1,1
8f679bb987d9e6f30bfde9ebafe9b2bf97f6276612e0293bb1e2b1e6b2cdb5b8,0.274,268,8,0.03,29,8.655,12,0.414,2,7,0.172,0,0,0,0,29,9,8.655,4.69,0,0,0,0,0,0,0,0,0,11,4.69,0,315,25088,0.013,1,1
ddc824dc8ade1420698d2e4a88597493a6ca27e78b2744624d7e3a1eef18f234,0.25,22,0,0,4,4.5,0,0,0,0,0,0,0,0,0,4,2,4.5,2.845,0,0,0,0,0,0,0,0,0.5,2,2.845,0,22,35328,0.001,2,2
8f679bb987d9e6f30bfde9ebafe9b2bf97f6276612e0293bb1e2b1e6b2cdb5b8,0.283,254,8,0.031,27,8.778,12,0.444,2,7,0.185,0,0,0,0,27,8,8.778,4.619,0,0,0,0,0,0,0,0,0,8,4.619,0,294,15360,0.019,1,1
f2e0a195d32a1c8fb78d9fb768f7a16a802315a9ce010ec3c0025b578f24ce33,0.274,290,9,0.031,31,8.742,13,0.419,3,7.571,0.226,0,0,0,0,31,9,8.742,4.717,0,0,0,0,0,0,0,0,0,12,4.717,0,341,545792,0.001,2,2
82746c735a4c9f52e5f33e724929c910dc2f5b5edd82dde09d618fc49cd003ac,0.267,245,8,0.033,24,9.708,8,0.333,2,16,0.083,0,0,0,0,24,8,9.708,4.552,0,0,0,0,0,0,0,0,0,8,4.552,0,285,1336832,0,1,1
8f679bb987d9e6f30bfde9ebafe9b2bf97f6276612e0293bb1e2b1e6b2cdb5b8,0.282,259,8,0.031,28,8.679,12,0.429,2,6.833,0.214,0,0,0,0,28,8,8.679,4.632,0,0,0,0,0,0,0,0,0,8,4.632,0,299,16384,0.018,1,1
9413a87deae24b9e102965ef5f5fcb414d7384cddb94a37f97178d8c0d04bafc,0.282,260,8,0.031,28,8.714,12,0.429,2,7,0.214,0,0,0,0,28,8,8.714,4.64,0,0,0,0,0,0,0,0,0,8,4.64,0,300,200704,0.001,1,1
7709edecebaee9e1dcbabae6c883bbab776873284c9193735d4b498d390cad0f,0,0,0,0,0,0,0,0,0,0,0,0,0,0,0,0,0,0,0,0,0,0,0,0,0,0,0,0,0,0,0,0,144896,0,1,0
3e09659e4feb8e59dab0621f7491aa8bd2e4c59833435bf3928e6cd385982571,0.286,280,9,0.032,30,8.667,13,0.433,3,7,0.2,0,0,0,0,30,9,8.667,4.647,0,0,0,0,0,0,0,0,0,9,4.647,0,325,144384,0.002,2,2
3c90b25b13aea421a45df9fae75e95b4216f44fce2c77a527600f7d33699ce4c,0.284,297,9,0.03,30,9.233,9,0.3,3,9.5,0.2,0,0,0,0,30,9,9.233,4.716,0,0,0,0,0,0,0,0,0,9,4.716,0,346,105472,0.003,1,1
306d9de054afe1736cd2d8b0d446ec4fee721c7d6edef95b5e7c74d01357788b,0.261,254,8,0.031,24,10.083,8,0.333,2,20.5,0.083,0,0,0,0,24,8,10.083,4.557,0,0,0,0,0,0,0,0,0,8,4.557,0,294,123392,0.002,1,1
365b29409fa2ad2824ffd204dfe785ed51db8f76b5d39e3e2439fc2d03ae5f57,0.267,245,8,0.033,24,9.708,8,0.333,2,16,0.083,0,0,0,0,24,8,9.708,4.552,0,0,0,0,0,0,0,0,0,8,4.552,0,285,252928,0.001,1,1
ec2bf0543015ecf60e9b8ab978b3a730596b110a7b68a6434fe30555dc471299,0.284,259,8,0.031,28,8.679,12,0.429,2,6.833,0.214,0,0,0,0,28,8,8.679,4.638,0,0,0,0,0,0,0,0,0,8,4.638,0,299,31232,0.01,1,1
fa91b65616c6655f5a5a2224343c7331f44606879dd2bbd356943282a9dc74c9,0.303,292,8,0.027,32,8.563,8,0.25,3,10,0.156,0,0,0,0,32,11,8.563,4.807,0,0,0,0,0.031,0.031,0,0,0.031,13,4.807,0,348,7680,0.045,1,1
1bda09cb6d9346bb20e97083a2d7863796e41ea902c3e7a722d044968fb37481,0.557,167,2,0.012,22,6.682,5,0.227,3,17.5,0.182,0,0,0,0,22,6,6.682,5.264,0,0,0,0,0,0,0,0.045,0.045,12,5.264,0,207,10240,0.02,1,1
39cef98b88e8b86e6a1dc5bd13e1fec86e145b3a38dd2919a08b0ef8d87584f9,0.276,305,9,0.03,33,8.606,9,0.273,4,11.25,0.121,0,0,0,0,33,12,8.606,4.71,0,0,0,0,0.03,0.03,0,0,0.03,14,4.71,0,363,11264,0.032,2,2
f331a822643bba9d81bd33b70f60856e45fddbed4b3d77b57ae1f6e045572fbc,0.267,245,8,0.033,24,9.708,8,0.333,2,16,0.083,0,0,0,0,24,8,9.708,4.552,0,0,0,0,0,0,0,0,0,8,4.552,0,285,131584,0.002,1,1
2994dea8baa0d696c423bad3bd0f1868df20f340e3585b1b602879b0da9a4e88,0.339,312,9,0.029,33,8.697,13,0.394,3,7.333,0.273,0,0,0,0,33,9,8.697,5.004,0,0,0,0,0,0,0,0,0,9,5.004,0,361,131072,0.003,1,1
bc65a42522c06e81e59746223fb5831b10d31f2f20369629a27dadfa838df4bd,0.267,245,8,0.033,24,9.708,8,0.333,2,16,0.083,0,0,0,0,24,8,9.708,4.552,0,0,0,0,0,0,0,0,0,8,4.552,0,285,201216,0.001,1,1
8f679bb987d9e6f30bfde9ebafe9b2bf97f6276612e0293bb1e2b1e6b2cdb5b8,0.282,259,8,0.031,28,8.679,12,0.429,2,6.833,0.214,0,0,0,0,28,8,8.679,4.621,0,0,0,0,0,0,0,0,0,8,4.621,0,299,15872,0.019,1,1
290fe595c3e224cc0b415d461e5da4209276f45033ed2284fb99a49240280bff,0.283,254,8,0.031,27,8.778,12,0.444,2,7,0.185,0,0,0,0,27,8,8.778,4.619,0,0,0,0,0,0,0,0,0,8,4.619,0,294,38912,0.008,1,1
8f679bb987d9e6f30bfde9ebafe9b2bf97f6276612e0293bb1e2b1e6b2cdb5b8,0.282,259,8,0.031,28,8.679,12,0.429,2,6.833,0.214,0,0,0,0,28,8,8.679,4.632,0,0,0,0,0,0,0,0,0,8,4.632,0,299,17920,0.017,1,1
93b538433f49c597b0323630c80f353b63274e0f3cd5fbefcfe4c621d444088b,0.267,245,8,0.033,24,9.708,8,0.333,2,16,0.083,0,0,0,0,24,8,9.708,4.552,0,0,0,0,0,0,0,0,0,8,4.552,0,285,247808,0.001,1,1
7b1ff38311fcb3fd1b1e4956edf370f0c0095f3ee5c49921347880dda8f9c83f,0.316,116,0,0,24,4.167,0,0,4,6,0.167,0,0,0,0,24,12,4.167,4.254,0,0,0,0,0,0,0,0,0.167,12,4.254,0,144,38912,0.004,4,4
e37bfbc2760c7ca291e200b6820b2689fe8c0df6cdd5321e502b308d146edc56,0.264,311,9,0.029,34,8.529,9,0.265,3,13.333,0.088,0,0,0,0,34,12,8.529,4.723,0,0,0,0,0.029,0,0.029,0,0.029,12,4.723,1,368,47616,0.008,1,1
53fa690721e85e3c6eedd34a20727443ecb6539735309fd82786c429a60178b5,0,0,0,0,0,0,0,0,0,0,0,0,0,0,0,0,0,0,0,0,0,0,0,0,0,0,0,0,0,0,0,0,19947008,0,1,0
d011afbbdea49c0dcc711650aa14eeb96f8bf55b9dd2257ccae7de4f475d0e83,0.282,259,8,0.031,28,8.679,12,0.429,2,6.833,0.214,0,0,0,0,28,8,8.679,4.621,0,0,0,0,0,0,0,0,0,27,4.621,0,337,731648,0,1,1
75915cec966a5b9b6835e872127ff806a23b518f14a46f88e3092d9efed8a6b5,0.339,311,9,0.029,33,8.667,13,0.394,3,7.222,0.273,0,0,0,0,33,9,8.667,4.817,0,0,0,0,0,0,0,0,0,9,4.817,0,360,7514112,0,1,1
227a41247e536d2c5babeeb713faec6b9476015e53ae9cb53e81cf76fa1481eb,0.29,103,3,0.029,11,8.545,3,0.273,3,9.2,0.455,0,0,0,0,11,3,8.545,4.53,0,0,0,0,0,0,0,0,0,3,4.53,0,118,52736,0.002,2,2
0ae36d611cabd7f070ac93cef78402fe195ad987386372a7d1dcfdbd69de07d8,0.267,245,8,0.033,24,9.708,8,0.333,2,16,0.083,0,0,0,0,24,8,9.708,4.552,0,0,0,0,0,0,0,0,0,8,4.552,0,285,149504,0.002,1,1
8f679bb987d9e6f30bfde9ebafe9b2bf97f6276612e0293bb1e2b1e6b2cdb5b8,0.282,259,8,0.031,28,8.679,12,0.429,2,6.833,0.214,0,0,0,0,28,8,8.679,4.632,0,0,0,0,0,0,0,0,0,8,4.632,0,299,17920,0.017,1,1
1ddf5551ee2af87cd42b17d44d533344bb2bd9d214d4b189c60c9bca2ca66df0,0.261,254,8,0.031,24,10.083,8,0.333,2,20.5,0.083,0,0,0,0,24,8,10.083,4.557,0,0,0,0,0,0,0,0,0,8,4.557,0,294,173568,0.002,1,1
3834662e684ce8a3b0a29b309dc0d5297dc811e6f16867917331f840ecec6efb,0.282,260,8,0.031,28,8.714,12,0.429,2,7,0.214,0,0,0,0,28,8,8.714,4.616,0,0,0,0,0,0,0,0,0,8,4.616,0,300,200704,0.001,1,1
db9af524baf68cb60209adc2132a50e0b6dff60de3fd01bd1b7956edd8dab0c3,0.271,271,9,0.033,27,9.481,9,0.333,3,13,0.111,0,0,0,0,27,9,9.481,4.569,0,0,0,0,0,0,0,0,0,9,4.569,0,316,15360,0.021,2,2
a5c76487deba7935f432b1ee9b2177ee19b5a9f897f62b76db7e9919b4cf4d80,0,0,0,0,0,0,0,0,0,0,0,0,0,0,0,0,0,0,0,0,0,0,0,0,0,0,0,0,0,0,0,0,74240,0,1,0
2682d6c8daa920a3345aa15ad5810c5becf3ef371548802f1dd12c639df3b493,0,0,0,0,0,0,0,0,0,0,0,0,0,0,0,0,0,0,0,0,0,0,0,0,0,0,0,0,0,0,0,0,4505600,0,6,0
178aa4454419a3db96812838aa5d574363eb9acb73ceafd87b2c441a526655a4,0.25,129,1,0.008,28,2.643,21,0.75,11,2,0.036,0,0,0,0,28,14,2.643,4.858,0,0,0,0,0,0,0,0,0,22,4.858,0,218,10752,0.02,1,1
c3b71e9b9440e1b269686d6218bb1526f2e62e6bd519b690ef124654af5ed8ba,0.284,299,9,0.03,32,8.813,9,0.281,3,13.667,0.094,0,0,0,0,32,11,8.813,4.683,0,0,0,0,0.031,0.031,0,0,0,14,4.683,0,357,12800,0.028,2,2
d6dd9c7f6d51c4681c7ca6997ac3a9ce1e654a3aa0986fbc1c6f39fd600a46cf,0.455,25,0,0,5,3.6,0,0,1,3,0.2,0,0,0,0,5,3,3.6,4.164,0,0,0,0,0,0,0,0,0.2,3,4.164,0,32,33280,0.001,1,1
f63d6b716e1db35a1b6eef55881cb06f8e0ace998aaa59db1639bec6a3108b3d,0.273,278,9,0.032,29,9.103,8,0.276,2,16,0.069,0,0,0,0,29,10,9.103,4.709,0,0,0,0,0,0,0,0,0,11,4.709,0,327,63488,0.005,1,1
8f679bb987d9e6f30bfde9ebafe9b2bf97f6276612e0293bb1e2b1e6b2cdb5b8,0.278,265,8,0.03,28,8.893,12,0.429,2,7.833,0.214,0,0,0,0,28,8,8.893,4.716,0,0,0,0,0,0,0,0,0,8,4.716,0,305,27648,0.011,1,1
520b46611540b7e1efe2c2d7a783b39ba8ed219df97c9236250770c76751672c,0.282,259,8,0.031,28,8.679,12,0.429,2,6.833,0.214,0,0,0,0,28,8,8.679,4.624,0,0,0,0,0,0,0,0,0,8,4.624,0,299,56320,0.005,1,1
f90256c2e79b5ed097f9f6376503455e5929d01a94fe5c111620f56851931c3c,0.263,212,7,0.033,21,9.571,7,0.333,2,16,0.095,0,0,0,0,21,7,9.571,4.508,0,0,0,0,0,0,0,0,0,7,4.508,0,247,73216,0.003,1,1
8f679bb987d9e6f30bfde9ebafe9b2bf97f6276612e0293bb1e2b1e6b2cdb5b8,0.283,254,8,0.031,27,8.778,12,0.444,2,7,0.185,0,0,0,0,27,8,8.778,4.619,0,0,0,0,0,0,0,0,0,8,4.619,0,294,16896,0.017,1,1
b40f6066c18b4c554d3910b6e8bd2d93d80a94ad7a34c282b97e9ed385913d83,0.246,303,12,0.04,34,8.441,10,0.294,3,11.667,0.088,7,1,5,4.03,27,9,9.333,4.661,0,0,0,0,0,0,0,0,0,10,4.766,0,356,157184,0.002,2,2
625ca7b800eb33d3da716f24d429332a150a3f231eaac4a99290e3604787a9a8,0.283,254,8,0.031,27,8.778,12,0.444,2,7,0.185,0,0,0,0,27,8,8.778,4.619,0,0,0,0,0,0,0,0,0,8,4.619,0,294,191488,0.002,1,1
2994dea8baa0d696c423bad3bd0f1868df20f340e3585b1b602879b0da9a4e88,0.339,312,9,0.029,33,8.697,13,0.394,3,7.333,0.273,0,0,0,0,33,9,8.697,5.004,0,0,0,0,0,0,0,0,0,9,5.004,0,361,81920,0.004,1,1
c4672563c922d9f82994ba4afc4219e7b60d2cc84edba80de30a736c68206eb6,0.282,292,9,0.031,31,8.871,9,0.29,3,13.667,0.097,0,0,0,0,31,11,8.871,4.671,0,0,0,0,0.032,0.032,0,0,0,16,4.671,0,353,12288,0.029,2,2
9a52c05436f691fe9bb8f945adffd8fed2681be1eb5acb93553d79eea0a0bf58,0.275,311,10,0.032,34,8.559,9,0.265,4,10,0.147,0,0,0,0,34,12,8.559,4.797,0,0,0,0,0.029,0.029,0,0,0.029,12,4.797,0,358,13312,0.027,2,2
92150143629f471b627907464816adf7dc2acf83baf183bf820fe794035b7b8e,0.282,259,8,0.031,28,8.679,12,0.429,2,6.833,0.214,0,0,0,0,28,8,8.679,4.621,0,0,0,0,0,0,0,0,0,8,4.621,0,299,80896,0.004,1,1
82efd2880cc2b6f2fafa42d8fcba785b94cafca5558e054508823ed69da93feb,0,0,0,0,0,0,0,0,0,0,0,0,0,0,0,0,0,0,0,0,0,0,0,0,0,0,0,0,0,0,0,0,219648,0,1,0
90abea7f85a827344482cabccecd7f45d4e60c84588c72b575d620861a98564b,0.261,254,8,0.031,24,10.083,8,0.333,2,20.5,0.083,0,0,0,0,24,8,10.083,4.557,0,0,0,0,0,0,0,0,0,8,4.557,0,294,180224,0.002,1,1
858fc3f48145b26b07d6590feb24f5cbb8f2da18d59944a276d3778662d7f7c3,0.267,245,8,0.033,24,9.708,8,0.333,2,16,0.083,0,0,0,0,24,8,9.708,4.552,0,0,0,0,0,0,0,0,0,8,4.552,0,285,58368,0.005,1,1
8f679bb987d9e6f30bfde9ebafe9b2bf97f6276612e0293bb1e2b1e6b2cdb5b8,0.283,254,8,0.031,27,8.778,12,0.444,2,7,0.185,0,0,0,0,27,8,8.778,4.619,0,0,0,0,0,0,0,0,0,8,4.619,0,294,18432,0.016,1,1
0df31812612fbd6a71bae21d076d050dbf45a3d9024914e808ce1d4a5beb9102,0.267,245,8,0.033,24,9.708,8,0.333,2,16,0.083,0,0,0,0,24,8,9.708,4.552,0,0,0,0,0,0,0,0,0,8,4.552,0,285,252416,0.001,1,1
f2d6357f46cd9cb30249694e6d8776dd841a52f9a4bb1025e0826a71bc5827cd,0.263,212,7,0.033,21,9.571,7,0.333,2,16,0.095,0,0,0,0,21,7,9.571,4.508,0,0,0,0,0,0,0,0,0,7,4.508,0,247,58368,0.004,1,1
51f74d578aa733eddff8bd631b21a475a62d7f608ba3054a60bf290307e864fa,0.282,260,8,0.031,28,8.714,12,0.429,2,7,0.214,0,0,0,0,28,8,8.714,4.65,0,0,0,0,0,0,0,0,0,8,4.65,0,300,68608,0.004,1,1
4ad34ebf6b1aca5c4719c6c912dcd434ebf42987e6e6f1aa8554219c625595a6,0.278,265,8,0.03,28,8.893,12,0.429,2,7.833,0.214,0,0,0,0,28,8,8.893,4.716,0,0,0,0,0,0,0,0,0,8,4.716,0,305,651776,0,1,1
9dd5c6bb5475715f863058b1e129a452f61ecb124b0e2d307a4be025bfff20a4,0.254,87,3,0.034,12,6.583,2,0.167,2,7,0.167,0,0,0,0,12,5,6.583,4.598,0,0,0,0,0.083,0.083,0,0,0,5,4.598,0,106,71168,0.001,2,2
654515a932c9d1bf750b3fab8acdd030c4282fe9310ad9e1eee25bd4f8e88096,0.313,26,1,0.038,3,7.667,1,0.333,1,7,0.333,0,0,0,0,3,1,7.667,4.181,0,0,0,0,0,0,0,0,0,1,4.181,0,31,74240,0,1,1
6e9712e93348d13d4a6c9675e178eee133b1b38e2a04f0558128606dc9a11967,0.282,260,8,0.031,28,8.714,12,0.429,2,7,0.214,0,0,0,0,28,8,8.714,4.642,0,0,0,0,0,0,0,0,0,8,4.642,0,300,48128,0.006,1,1
9aa2af966f70d02c8a9da26588b67ac65c66722c6127a488b2798c1f6c9437a0,0.278,265,8,0.03,28,8.893,12,0.429,2,7.833,0.214,0,0,0,0,28,8,8.893,4.716,0,0,0,0,0,0,0,0,0,8,4.716,0,305,667648,0,17,1
01ab25f614d44467db74baaba350beb694840b6715ef36b722e226585ffc3c39,0.267,245,8,0.033,24,9.708,8,0.333,2,16,0.083,0,0,0,0,24,8,9.708,4.552,0,0,0,0,0,0,0,0,0,8,4.552,0,285,2551808,0,1,1
cb9323dc036c26b8a7a5531650001731d55289ab9eb1b69b0160b8fde2d237c8,0.282,260,8,0.031,28,8.714,12,0.429,2,7,0.214,0,0,0,0,28,8,8.714,4.65,0,0,0,0,0,0,0,0,0,8,4.65,0,300,34816,0.009,1,1
2e11a38595df18341b88a62b96b7a7db87589fdac982172f31cc9f44641f9458,0.283,302,9,0.03,33,8.576,9,0.273,4,10.75,0.121,0,0,0,0,33,12,8.576,4.723,0,0,0,0,0.03,0.03,0,0,0.03,12,4.723,0,360,11264,0.032,2,2
0d9d0f12193bda1cd9e494f7d931f3719bae9dedcfad8ddd954bdf7bb423c265,0.261,254,8,0.031,24,10.083,8,0.333,2,20.5,0.083,0,0,0,0,24,8,10.083,4.557,0,0,0,0,0,0,0,0,0,8,4.557,0,294,176640,0.002,1,1
8d9be71e0f0422d58196684109edef8eea37ab20e3059dc0e338176cd1f85329,0.267,245,8,0.033,24,9.708,8,0.333,2,16,0.083,0,0,0,0,24,8,9.708,4.552,0,0,0,0,0,0,0,0,0,8,4.552,0,285,186880,0.002,1,1
0e995b0ce053ae1939e4821991ddc7136c785df65cc1dc6847358dc617d89d6b,0.337,141,2,0.014,22,5.682,5,0.227,2,7.6,0.227,0,0,0,0,22,7,5.682,5.133,0,0,0,0,0.045,0.045,0,0,0.091,16,5.133,1,206,12800,0.016,1,1
e3077de6c6532901fdff7c08338df792562248f22b9e3a808494841ff9a22a9f,0.271,299,9,0.03,33,8.424,13,0.394,3,13.667,0.091,2,1,4,2.585,31,11,8.71,4.661,0,0,0,0,0,0,0,0,0,16,4.716,0,362,33280,0.011,2,2
8f679bb987d9e6f30bfde9ebafe9b2bf97f6276612e0293bb1e2b1e6b2cdb5b8,0.282,259,8,0.031,28,8.679,12,0.429,2,6.833,0.214,0,0,0,0,28,8,8.679,4.632,0,0,0,0,0,0,0,0,0,8,4.632,0,299,16896,0.018,1,1
af78fd5e5f9ad916016801dc84c50c2eb80064837358757d1fc275875b108dbc,0.267,245,8,0.033,24,9.708,8,0.333,2,16,0.083,0,0,0,0,24,8,9.708,4.552,0,0,0,0,0,0,0,0,0,8,4.552,0,285,923648,0,1,1
8f679bb987d9e6f30bfde9ebafe9b2bf97f6276612e0293bb1e2b1e6b2cdb5b8,0.283,254,8,0.031,27,8.778,12,0.444,2,7,0.185,0,0,0,0,27,8,8.778,4.619,0,0,0,0,0,0,0,0,0,8,4.619,0,294,15360,0.019,1,1
c6d023f7309f18ce2347074c30d61fda4ced50c5ec6f7ae4de6437c8f57a7635,0.267,245,8,0.033,24,9.708,8,0.333,2,16,0.083,0,0,0,0,24,8,9.708,4.552,0,0,0,0,0,0,0,0,0,8,4.552,0,285,99840,0.003,1,1
8f679bb987d9e6f30bfde9ebafe9b2bf97f6276612e0293bb1e2b1e6b2cdb5b8,0.282,259,8,0.031,28,8.679,12,0.429,2,6.833,0.214,0,0,0,0,28,8,8.679,4.621,0,0,0,0,0,0,0,0,0,8,4.621,0,299,15872,0.019,1,1
5c9a9a17b897dfeaa2c32e34eeed7a57c0fe39eb124fe902500272d23de34d6e,0.295,304,9,0.03,29,9.759,9,0.31,3,12.6,0.172,0,0,0,0,29,9,9.759,4.765,0,0,0,0,0,0,0,0,0,9,4.765,0,353,108032,0.003,1,1
13f2e4de2ab6f538b8e69fd73164d5da23486b66150de7d72619517aeefe300a,0.267,245,8,0.033,24,9.708,8,0.333,2,16,0.083,0,0,0,0,24,8,9.708,4.552,0,0,0,0,0,0,0,0,0,8,4.552,0,285,46592,0.006,1,1
8b206534e206068ac6bfe97a58585fd3944418d1c947e4c30315ba8e39321dc4,0.267,245,8,0.033,24,9.708,8,0.333,2,16,0.083,0,0,0,0,24,8,9.708,4.552,0,0,0,0,0,0,0,0,0,8,4.552,0,285,1604608,0,1,1
a4f6bfe9d0e84210900529e370bdc1653eb47fb277bccdc8182ef3ff0c80d6e4,0.282,259,8,0.031,28,8.679,12,0.429,2,6.833,0.214,0,0,0,0,28,8,8.679,4.632,0,0,0,0,0,0,0,0,0,9,4.632,0,301,41984,0.007,1,1
17fc83127563ab204985aa9066e0d33a3516227b4bf7cfbf6df5e9d235721beb,0.281,282,8,0.028,31,8.581,8,0.258,3,10.5,0.129,0,0,0,0,31,11,8.581,4.755,0,0,0,0,0.032,0.032,0,0,0.032,11,4.755,0,336,27648,0.012,1,1
93823bb9e229875da3d6402f18580f4a49e785afeed775c968a5f9fe2f4516ed,0.267,245,8,0.033,24,9.708,8,0.333,2,16,0.083,0,0,0,0,24,8,9.708,4.552,0,0,0,0,0,0,0,0,0,8,4.552,0,285,115200,0.002,1,1
8f679bb987d9e6f30bfde9ebafe9b2bf97f6276612e0293bb1e2b1e6b2cdb5b8,0.283,254,8,0.031,27,8.778,12,0.444,2,7,0.185,0,0,0,0,27,8,8.778,4.619,0,0,0,0,0,0,0,0,0,8,4.619,0,294,18432,0.016,1,1
a9694ee5ffeb9ca475758c52deb043bbdc496da3e6d29528a687c325f5f11704,0.267,245,8,0.033,24,9.708,8,0.333,2,16,0.083,0,0,0,0,24,8,9.708,4.552,0,0,0,0,0,0,0,0,0,8,4.552,0,285,40448,0.007,1,1
1a68a2214ee865eced0613bbc4770b3911380121548ec3275c94c6cc07332186,0.267,245,8,0.033,24,9.708,8,0.333,2,16,0.083,0,0,0,0,24,8,9.708,4.552,0,0,0,0,0,0,0,0,0,8,4.552,0,285,89600,0.003,1,1
290fe595c3e224cc0b415d461e5da4209276f45033ed2284fb99a49240280bff,0.283,254,8,0.031,27,8.778,12,0.444,2,7,0.185,0,0,0,0,27,8,8.778,4.619,0,0,0,0,0,0,0,0,0,8,4.619,0,294,26112,0.011,1,1
e4c88f127b48de4f52a0356c11a35318535d0e1b901af07d0cbf8cd16b19ac78,0.282,260,8,0.031,28,8.714,12,0.429,2,7,0.214,0,0,0,0,28,8,8.714,4.65,0,0,0,0,0,0,0,0,0,8,4.65,0,300,32256,0.009,1,1
290fe595c3e224cc0b415d461e5da4209276f45033ed2284fb99a49240280bff,0.283,254,8,0.031,27,8.778,12,0.444,2,7,0.185,0,0,0,0,27,8,8.778,4.619,0,0,0,0,0,0,0,0,0,8,4.619,0,294,27136,0.011,1,1
af0443b590d41116561494a63390f845a81f0a80c427905530970958ba12fba4,0.267,245,8,0.033,24,9.708,8,0.333,2,16,0.083,0,0,0,0,24,8,9.708,4.552,0,0,0,0,0,0,0,0,0,8,4.552,0,285,1453056,0,1,1
8f679bb987d9e6f30bfde9ebafe9b2bf97f6276612e0293bb1e2b1e6b2cdb5b8,0.274,268,8,0.03,29,8.655,12,0.414,2,7,0.172,0,0,0,0,29,9,8.655,4.69,0,0,0,0,0,0,0,0,0,11,4.69,0,315,24064,0.013,1,1
30a526524f6586edd59316513b5c916293110d44ab7a66f70bede16527364da7,0.267,245,8,0.033,24,9.708,8,0.333,2,16,0.083,0,0,0,0,24,8,9.708,4.552,0,0,0,0,0,0,0,0,0,8,4.552,0,285,139264,0.002,1,1
8bf9a2cd43e942a38906503b082a8f7ee08dadd4ed41eb16f58481f4a8f2c3ff,0.281,291,9,0.031,31,8.774,13,0.419,3,7.714,0.226,0,0,0,0,31,9,8.774,4.736,0,0,0,0,0,0,0,0,0,10,4.736,0,338,7680,0.044,2,2
290fe595c3e224cc0b415d461e5da4209276f45033ed2284fb99a49240280bff,0.283,254,8,0.031,27,8.778,12,0.444,2,7,0.185,0,0,0,0,27,8,8.778,4.619,0,0,0,0,0,0,0,0,0,8,4.619,0,294,30720,0.01,1,1
4edddec4a8bf70dda67e809e032a260651f170efc141e17c5d037f0d35a48d6e,0.269,280,9,0.032,30,8.867,8,0.267,2,16,0.067,0,0,0,0,30,11,8.867,4.656,0,0,0,0,0.033,0,0.033,0,0,12,4.656,0,335,28160,0.012,1,1
2a6a234329f99fea9e633e7f355c7b32c6e5b5b37c2f9321a9978769bb777fae,0.278,295,9,0.031,32,8.688,9,0.281,3,13.667,0.094,0,0,0,0,32,12,8.688,4.686,0,0,0,0,0.031,0.031,0,0,0,12,4.686,0,348,10752,0.032,2,2
cd52d2229e92efbe85b4fb8ade0a6a04b7419e80ecd8fe2a77cb6e02163db3f0,0.286,280,9,0.032,30,8.667,13,0.433,3,7,0.2,0,0,0,0,30,9,8.667,4.647,0,0,0,0,0,0,0,0,0,10,4.647,0,327,15360,0.021,2,2
d81fa1e515dd2d0db2f8f5d1be80555b5fb4e42cb3f1a9c0d225da13285165e4,0.293,60,2,0.033,8,6.75,1,0.125,1,0,0,0,0,0,0,8,3,6.75,4.504,0,0,0,0,0.125,0.125,0,0,0,4,4.504,0,75,73216,0.001,2,1
8f679bb987d9e6f30bfde9ebafe9b2bf97f6276612e0293bb1e2b1e6b2cdb5b8,0.278,265,8,0.03,28,8.893,12,0.429,2,7.833,0.214,0,0,0,0,28,8,8.893,4.716,0,0,0,0,0,0,0,0,0,8,4.716,0,305,15360,0.02,1,1
8f679bb987d9e6f30bfde9ebafe9b2bf97f6276612e0293bb1e2b1e6b2cdb5b8,0.283,254,8,0.031,27,8.778,12,0.444,2,7,0.185,0,0,0,0,27,8,8.778,4.619,0,0,0,0,0,0,0,0,0,8,4.619,0,294,17920,0.016,1,1
a2fde6b2675d50da593428add6387c08b1033bfec866f05c320cdbdcc5614824,0.267,245,8,0.033,24,9.708,8,0.333,2,16,0.083,0,0,0,0,24,8,9.708,4.552,0,0,0,0,0,0,0,0,0,8,4.552,0,285,67072,0.004,1,1
2994dea8baa0d696c423bad3bd0f1868df20f340e3585b1b602879b0da9a4e88,0.339,312,9,0.029,33,8.697,13,0.394,3,7.333,0.273,0,0,0,0,33,9,8.697,5.004,0,0,0,0,0,0,0,0,0,9,5.004,0,361,114688,0.003,1,1
d03554a33d788748b115f16b7ddeae3dd4ef0d8a8a41a1e76fe2152feb643f93,0.25,58,0,0,9,5.556,2,0.222,0,0,0,0,0,0,0,9,5,5.556,4.729,0,0,0,0,0,0,0,0,0,5,4.729,0,79,24576,0.003,1,1
430fe3bd194c1c8048f7c1152170599353abf19d78f831d77c61504fc0323c1d,0.267,245,8,0.033,24,9.708,8,0.333,2,16,0.083,0,0,0,0,24,8,9.708,4.552,0,0,0,0,0,0,0,0,0,8,4.552,0,285,120832,0.002,1,1
8f679bb987d9e6f30bfde9ebafe9b2bf97f6276612e0293bb1e2b1e6b2cdb5b8,0.283,254,8,0.031,27,8.778,12,0.444,2,7,0.185,0,0,0,0,27,8,8.778,4.619,0,0,0,0,0,0,0,0,0,8,4.619,0,294,27648,0.011,1,1
a1548f32bf2e2f0e36a5a001348b47ac20600342e82f8928c83090e17254ace8,0.275,232,7,0.03,25,8.68,11,0.44,2,7.833,0.24,0,0,0,0,25,7,8.68,4.669,0,0,0,0,0,0,0,0,0,7,4.669,0,267,140800,0.002,1,1
24afefede2f88b74d8e309383b357cfa5191cfa7bb41f1ed9e842675aeec0ffa,0.313,26,1,0.038,3,7.667,1,0.333,1,7,0.333,0,0,0,0,3,1,7.667,4.181,0,0,0,0,0,0,0,0,0,1,4.181,0,31,411136,0,1,1
8f679bb987d9e6f30bfde9ebafe9b2bf97f6276612e0293bb1e2b1e6b2cdb5b8,0.278,265,8,0.03,28,8.893,12,0.429,2,7.833,0.214,0,0,0,0,28,8,8.893,4.716,0,0,0,0,0,0,0,0,0,8,4.716,0,305,18432,0.017,1,1
79563a57d357450fd0e90f7cf1564c652930cc6c18af32cf5ded0b31bdaa524d,0.277,261,8,0.031,28,8.75,12,0.429,2,7.167,0.214,0,0,0,0,28,8,8.75,4.598,0,0,0,0,0,0,0,0,0,8,4.598,0,301,291840,0.001,1,1
e91aca91b9f8b55c238943c86b4299ca32a3091177ad0c2453a9a4c01a6d1700,0,0,0,0,0,0,0,0,0,0,0,0,0,0,0,0,0,0,0,0,0,0,0,0,0,0,0,0,0,0,0,0,2566144,0,1,0
1bb42f4834ed947299939c4198adfe97c4a12292bda72d0250fc92ea9edc4796,0.267,245,8,0.033,24,9.708,8,0.333,2,16,0.083,0,0,0,0,24,8,9.708,4.552,0,0,0,0,0,0,0,0,0,8,4.552,0,285,4995584,0,1,1
8f679bb987d9e6f30bfde9ebafe9b2bf97f6276612e0293bb1e2b1e6b2cdb5b8,0.283,254,8,0.031,27,8.778,12,0.444,2,7,0.185,0,0,0,0,27,8,8.778,4.619,0,0,0,0,0,0,0,0,0,8,4.619,0,294,16384,0.018,1,1
290fe595c3e224cc0b415d461e5da4209276f45033ed2284fb99a49240280bff,0.283,254,8,0.031,27,8.778,12,0.444,2,7,0.185,0,0,0,0,27,8,8.778,4.619,0,0,0,0,0,0,0,0,0,8,4.619,0,294,31744,0.009,1,1
9f3e236aad79b01e4c1eea24c5cd235209b94fba3906a2ea4b0e48d27ea98b18,0,0,0,0,0,0,0,0,0,0,0,0,0,0,0,0,0,0,0,0,0,0,0,0,0,0,0,0,0,0,0,0,317440,0,1,0
30ab3ba264222161f322710183e4b030a42d43d67a8530b8d4760796efbe4dfe,0.273,273,9,0.033,27,9.556,9,0.333,3,13.667,0.111,0,0,0,0,27,9,9.556,4.582,0,0,0,0,0,0,0,0,0,9,4.582,0,318,301568,0.001,2,2
8f679bb987d9e6f30bfde9ebafe9b2bf97f6276612e0293bb1e2b1e6b2cdb5b8,0.282,259,8,0.031,28,8.679,12,0.429,2,6.833,0.214,0,0,0,0,28,8,8.679,4.632,0,0,0,0,0,0,0,0,0,8,4.632,0,299,17408,0.017,1,1
6ad3cfb07207e10cace88cf32954696e802ff8e16dae066ccfb5a0496a49c414,0.267,245,8,0.033,24,9.708,8,0.333,2,16,0.083,0,0,0,0,24,8,9.708,4.552,0,0,0,0,0,0,0,0,0,8,4.552,0,285,221184,0.001,1,1
482efa98586eff492ac8718ec438db4bbc4bc5b882432a14a89bb7acb6a3834e,0.267,245,8,0.033,24,9.708,8,0.333,2,16,0.083,0,0,0,0,24,8,9.708,4.552,0,0,0,0,0,0,0,0,0,8,4.552,0,285,76288,0.004,1,1
2f7dd28d07af2332ca9b26ec6a74d7bd22bed4830dba589251cba91cec5fd02e,0.271,271,9,0.033,27,9.481,9,0.333,3,13,0.111,0,0,0,0,27,9,9.481,4.569,0,0,0,0,0,0,0,0,0,11,4.569,0,320,104448,0.003,2,2
8f679bb987d9e6f30bfde9ebafe9b2bf97f6276612e0293bb1e2b1e6b2cdb5b8,0.283,254,8,0.031,27,8.778,12,0.444,2,7,0.185,0,0,0,0,27,8,8.778,4.619,0,0,0,0,0,0,0,0,0,8,4.619,0,294,17920,0.016,1,1
133eed088e6d4aacf52b6688fcf7ff56a306d35543ecf100dd7eb160bf39761f,0.267,245,8,0.033,24,9.708,8,0.333,2,16,0.083,0,0,0,0,24,8,9.708,4.552,0,0,0,0,0,0,0,0,0,8,4.552,0,285,7168,0.04,1,1
5a0425554caeda71cbd6636444b3ac94d499d1a56ec804ed90914274df0a6d3e,0.277,295,9,0.031,31,8.774,13,0.419,3,13.667,0.097,1,1,5,2.322,30,11,8.9,4.651,0,0,0,0,0,0,0,0,0,16,4.701,0,358,10752,0.033,2,2
988eb3da53c124b4c5b0563f2bf68b79ceb53a03b20075ffdc3a86281e695c25,0.282,292,9,0.031,31,8.871,9,0.29,3,13.667,0.097,0,0,0,0,31,11,8.871,4.671,0,0,0,0,0.032,0.032,0,0,0,14,4.671,0,349,296448,0.001,2,2
8f679bb987d9e6f30bfde9ebafe9b2bf97f6276612e0293bb1e2b1e6b2cdb5b8,0.282,259,8,0.031,28,8.679,12,0.429,2,6.833,0.214,0,0,0,0,28,8,8.679,4.632,0,0,0,0,0,0,0,0,0,8,4.632,0,299,17408,0.017,1,1
cf6e4fa934f2111c214efa6194e047a670f072ba1e724142ee52ef35a930c104,0.24,281,8,0.028,31,8.645,9,0.29,2,16,0.065,7,1,5,4.03,24,8,9.708,4.552,0,0,0,0,0,0,0,0,0,9,4.658,0,329,101888,0.003,1,1
290fe595c3e224cc0b415d461e5da4209276f45033ed2284fb99a49240280bff,0.283,254,8,0.031,27,8.778,12,0.444,2,7,0.185,0,0,0,0,27,8,8.778,4.619,0,0,0,0,0,0,0,0,0,8,4.619,0,294,33792,0.009,1,1
e826da5ef364292f4573ebc0224b68ae58b1eff055d86042f8e13d7b9be2e176,0.456,302,8,0.026,32,8.813,16,0.5,2,7.8,0.313,0,0,0,0,32,8,8.813,4.991,0,0,0,0,0,0,0,0,0,8,4.991,0,342,68608,0.005,1,1
8f679bb987d9e6f30bfde9ebafe9b2bf97f6276612e0293bb1e2b1e6b2cdb5b8,0.282,259,8,0.031,28,8.679,12,0.429,2,6.833,0.214,0,0,0,0,28,8,8.679,4.632,0,0,0,0,0,0,0,0,0,8,4.632,0,299,18432,0.016,1,1
a7ba18b507556a99aaf480e0338f12d1dcddcc74f598339a42dbeeb585b6d996,0.267,292,8,0.027,29,9.586,8,0.276,2,16,0.069,0,0,0,0,29,11,9.586,4.69,0,0,0,0,0.034,0.034,0,0,0,12,4.69,0,346,10752,0.032,1,1
8cd2b8559309b53241362b1261de2d1425bdf827c151b78cf3c5670360003027,0.282,260,8,0.031,28,8.714,12,0.429,2,7,0.214,0,0,0,0,28,8,8.714,4.642,0,0,0,0,0,0,0,0,0,8,4.642,0,300,173056,0.002,1,1
cfa4aab7399b6f96f4ca0d721b148f7fca9182ce76c87ccc75705f36c319c817,0,0,0,0,0,0,0,0,0,0,0,0,0,0,0,0,0,0,0,0,0,0,0,0,0,0,0,0,0,0,0,0,38912,0,2,0
8f679bb987d9e6f30bfde9ebafe9b2bf97f6276612e0293bb1e2b1e6b2cdb5b8,0.283,254,8,0.031,27,8.778,12,0.444,2,7,0.185,0,0,0,0,27,8,8.778,4.611,0,0,0,0,0,0,0,0,0,9,4.611,0,296,93696,0.003,1,1
484896294f4e74703093af9744269dd7972045b42120eb31e6ef1071da996f8d,0.267,23,1,0.043,3,6.667,1,0.333,1,4,0.333,0,0,0,0,3,1,6.667,4.143,0,0,0,0,0,0,0,0,0,2,4.143,0,30,58368,0.001,1,1
6f8ec5700bc50ed90042c8eb8471e9cae6caec74d23b73a617fe7595b2f61d49,0.267,245,8,0.033,24,9.708,8,0.333,2,16,0.083,0,0,0,0,24,8,9.708,4.552,0,0,0,0,0,0,0,0,0,9,4.552,0,287,10240,0.028,1,1
ef2f154cc1d70568c7bdc378ed788cf047daed0eca8240f54361909f32ee83dc,0.278,265,8,0.03,28,8.893,12,0.429,2,7.833,0.214,0,0,0,0,28,8,8.893,4.716,0,0,0,0,0,0,0,0,0,8,4.716,0,305,98816,0.003,1,1
8f679bb987d9e6f30bfde9ebafe9b2bf97f6276612e0293bb1e2b1e6b2cdb5b8,0.278,265,8,0.03,28,8.893,12,0.429,2,7.833,0.214,0,0,0,0,28,8,8.893,4.716,0,0,0,0,0,0,0,0,0,8,4.716,0,305,14848,0.021,1,1
265f7248a951ff8994d9a321a9c5dc30db1c846bd49d8a6195c40322d68312ce,0.272,291,9,0.031,31,8.774,13,0.419,3,7.714,0.226,0,0,0,0,31,9,8.774,4.679,0,0,0,0,0,0,0,0,0,10,4.679,0,338,12800,0.026,2,2
8f679bb987d9e6f30bfde9ebafe9b2bf97f6276612e0293bb1e2b1e6b2cdb5b8,0.283,254,8,0.031,27,8.778,12,0.444,2,7,0.185,0,0,0,0,27,8,8.778,4.619,0,0,0,0,0,0,0,0,0,8,4.619,0,294,27648,0.011,1,1
ba28661e3feff9fb01751b0bd8f6119946fbeb0a132c6007988ac1e887587ecd,0.262,281,8,0.028,31,8.548,8,0.258,2,16,0.065,0,0,0,0,31,11,8.548,4.68,0,0,0,0,0,0,0,0,0.032,12,4.68,0,333,36352,0.009,1,1
8f679bb987d9e6f30bfde9ebafe9b2bf97f6276612e0293bb1e2b1e6b2cdb5b8,0.283,254,8,0.031,27,8.778,12,0.444,2,7,0.185,0,0,0,0,27,8,8.778,4.619,0,0,0,0,0,0,0,0,0,8,4.619,0,294,17920,0.016,1,1
20246f0030f11112b216ad37e30b1e35f82ee03dae8c488c00582b397831e91c,0.283,254,8,0.031,27,8.778,12,0.444,2,7,0.185,0,0,0,0,27,8,8.778,4.619,0,0,0,0,0,0,0,0,0,8,4.619,0,294,9728,0.03,1,1
505238210f83c9477fdaf65ddbaaba3430f409b2a76442d8c5f9846d7165b134,0.282,260,8,0.031,28,8.714,12,0.429,2,7,0.214,0,0,0,0,28,8,8.714,4.632,0,0,0,0,0,0,0,0,0,8,4.632,0,300,202240,0.001,1,1
8f679bb987d9e6f30bfde9ebafe9b2bf97f6276612e0293bb1e2b1e6b2cdb5b8,0.282,259,8,0.031,28,8.679,12,0.429,2,6.833,0.214,0,0,0,0,28,8,8.679,4.624,0,0,0,0,0,0,0,0,0,8,4.624,0,299,18944,0.016,1,1
b8d96fd8236f39a7573e51d6937349f23b5369d916bc9bb6658d5e433ca53816,0.253,299,8,0.027,35,8.029,9,0.257,3,10.25,0.114,0,0,0,0,35,12,8.029,4.732,0,0,0,0,0.029,0.029,0,0,0.029,12,4.732,0,359,42496,0.008,1,1
8f679bb987d9e6f30bfde9ebafe9b2bf97f6276612e0293bb1e2b1e6b2cdb5b8,0.283,254,8,0.031,27,8.778,12,0.444,2,7,0.185,0,0,0,0,27,8,8.778,4.619,0,0,0,0,0,0,0,0,0,8,4.619,0,294,17920,0.016,1,1
607d58e9bfad2ebd773d87984c39ebae324d096a3fe65cb60b088aecaf934ed3,0.29,308,10,0.032,35,8.171,13,0.371,3,7,0.171,0,0,0,0,35,12,8.171,4.784,0,0,0,0,0.029,0.029,0,0,0,15,4.784,0,367,41984,0.009,2,2
45b8633c2d604d55226f0a38c4eca577c5814a5261606481b16eb67aea6b1956,0.278,265,8,0.03,28,8.893,12,0.429,2,7.833,0.214,0,0,0,0,28,8,8.893,4.716,0,0,0,0,0,0,0,0,0,8,4.716,0,305,16896,0.018,1,1
e52748091e1a7182b502b4b0e2f9465a4afaa67b0e74386c3f664fd20bf4a62d,0.25,70,0,0,14,4.429,0,0,2,5.5,0.286,0,0,0,0,14,6,4.429,4.226,0,0,0,0,0,0,0,0,0.143,6,4.226,0,92,376320,0,2,2
290fe595c3e224cc0b415d461e5da4209276f45033ed2284fb99a49240280bff,0.283,254,8,0.031,27,8.778,12,0.444,2,7,0.185,0,0,0,0,27,8,8.778,4.619,0,0,0,0,0,0,0,0,0,8,4.619,0,294,403456,0.001,1,1
636f8814fccbe83bb33d587dae19733f83bc81881c5cb27c422db1d46703fa37,0.278,265,8,0.03,28,8.893,12,0.429,2,7.833,0.214,0,0,0,0,28,8,8.893,4.716,0,0,0,0,0,0,0,0,0,8,4.716,0,305,270848,0.001,1,1
9e1490326ef84326c54729d0a7580fad56a6f02622f2b1cf39c11b3f6bbdba05,0.272,282,9,0.032,30,8.933,8,0.267,2,16,0.067,0,0,0,0,30,11,8.933,4.713,0,0,0,0,0.033,0,0.033,0,0.033,13,4.713,0,335,25600,0.013,1,1
cc102c0b9924f9c08f88ed79bb0fc0402d2b576e3b0d6b528d75c51dd5ec7faa,0.282,259,8,0.031,28,8.679,12,0.429,2,6.833,0.214,0,0,0,0,28,8,8.679,4.621,0,0,0,0,0,0,0,0,0,8,4.621,0,299,186880,0.002,1,1
3a911f05f525d14606c17ac181d3d43372f97a978aed257a14343fa898931adf,0.296,79,2,0.025,12,6.167,1,0.083,1,7,0.083,0,0,0,0,12,5,6.167,4.719,0,0,0,0,0.083,0.083,0,0,0,7,4.719,0,101,21504,0.005,1,1
3fce2dffa219fbd1d8670e89b00ae7b4476a9716e9958d96d5dc558961aff756,0.323,102,1,0.01,12,7.5,2,0.167,2,18.5,0.167,0,0,0,0,12,5,7.5,5.095,0,0,0,0,0.083,0.083,0,0,0.083,7,5.095,1,133,26112,0.005,2,1
8f679bb987d9e6f30bfde9ebafe9b2bf97f6276612e0293bb1e2b1e6b2cdb5b8,0.283,254,8,0.031,27,8.778,12,0.444,2,7,0.185,0,0,0,0,27,8,8.778,4.619,0,0,0,0,0,0,0,0,0,8,4.619,0,294,29696,0.01,1,1
8f679bb987d9e6f30bfde9ebafe9b2bf97f6276612e0293bb1e2b1e6b2cdb5b8,0.282,259,8,0.031,28,8.679,12,0.429,2,6.833,0.214,0,0,0,0,28,8,8.679,4.621,0,0,0,0,0,0,0,0,0,8,4.621,0,299,18432,0.016,1,1
8f679bb987d9e6f30bfde9ebafe9b2bf97f6276612e0293bb1e2b1e6b2cdb5b8,0.283,254,8,0.031,27,8.778,12,0.444,2,7,0.185,0,0,0,0,27,8,8.778,4.608,0,0,0,0,0,0,0,0,0,8,4.608,0,294,17920,0.016,1,1
8f679bb987d9e6f30bfde9ebafe9b2bf97f6276612e0293bb1e2b1e6b2cdb5b8,0.283,254,8,0.031,27,8.778,12,0.444,2,7,0.185,0,0,0,0,27,8,8.778,4.619,0,0,0,0,0,0,0,0,0,8,4.619,0,294,15872,0.019,1,1
b100604766434b9ed5fb9b4ec411b528b5460f8dda14fb64b70befa3fcf6a48a,0.267,245,8,0.033,24,9.708,8,0.333,2,16,0.083,0,0,0,0,24,8,9.708,4.552,0,0,0,0,0,0,0,0,0,8,4.552,0,285,38400,0.007,1,1
72d5b923c985e8fec769e77f769c0ce32089c4e8200b7944fadaf092a0ca4f88,0.281,291,9,0.031,31,8.774,13,0.419,3,7.714,0.226,0,0,0,0,31,9,8.774,4.693,0,0,0,0,0,0,0,0,0,9,4.693,0,336,13824,0.024,2,2
c2626d30e26044d7dcec3734549714c69920c930fc519d38e69284107cde3386,0.282,261,8,0.031,28,8.75,12,0.429,2,7.167,0.214,0,0,0,0,28,8,8.75,4.65,0,0,0,0,0,0,0,0,0,8,4.65,0,301,47616,0.006,1,1
c25152a9c58c79d59cf33a3e808b789659491c04f31f0267b040f33cddf0c870,0.277,262,8,0.031,28,8.786,12,0.429,2,7.333,0.214,0,0,0,0,28,8,8.786,4.664,0,0,0,0,0,0,0,0,0,8,4.664,0,302,34304,0.009,2,1
e16cd9281220782d56e01cabd694f90e097f322450a302ad31b22359e6f68085,0.294,293,9,0.031,29,9.379,9,0.31,3,10.4,0.172,0,0,0,0,29,9,9.379,4.69,0,0,0,0,0,0,0,0,0,9,4.69,0,342,134144,0.003,1,1
3bae3951d9f888d2f72657a59e9ebe9bb42b81492653df9ea059cbf966e5404e,0.282,259,8,0.031,28,8.679,12,0.429,2,6.833,0.214,0,0,0,0,28,8,8.679,4.624,0,0,0,0,0,0,0,0,0,8,4.624,0,299,31232,0.01,1,1
0e20405b14b6873db2d554b423320b4806495a630a47e5e91f4e11c5ce810531,0,0,0,0,0,0,0,0,0,0,0,0,0,0,0,0,0,0,0,0,0,0,0,0,0,0,0,0,0,0,0,0,41472,0,2,0
8f679bb987d9e6f30bfde9ebafe9b2bf97f6276612e0293bb1e2b1e6b2cdb5b8,0.278,265,8,0.03,28,8.893,12,0.429,2,7.833,0.214,0,0,0,0,28,8,8.893,4.716,0,0,0,0,0,0,0,0,0,8,4.716,0,305,16384,0.019,1,1
5151929f18c524a2f86bb223c58c04917dee9a5b706f3c0a72a030faf4ed91ce,0.248,297,8,0.027,31,8.903,9,0.29,3,13.333,0.097,0,0,0,0,31,12,8.903,4.695,0,0,0,0,0.032,0.032,0,0,0.032,15,4.695,0,356,32256,0.011,1,1
8f679bb987d9e6f30bfde9ebafe9b2bf97f6276612e0293bb1e2b1e6b2cdb5b8,0.282,259,8,0.031,28,8.679,12,0.429,2,6.833,0.214,0,0,0,0,28,8,8.679,4.621,0,0,0,0,0,0,0,0,0,8,4.621,0,299,32256,0.009,1,1
8f679bb987d9e6f30bfde9ebafe9b2bf97f6276612e0293bb1e2b1e6b2cdb5b8,0.278,265,8,0.03,28,8.893,12,0.429,2,7.833,0.214,0,0,0,0,28,8,8.893,4.716,0,0,0,0,0,0,0,0,0,8,4.716,0,305,31232,0.01,1,1
61d24254cfe88803283354e3e98f87cb99e54ec0295b514aa954ce5553e730b9,0.282,260,8,0.031,28,8.714,12,0.429,2,7,0.214,0,0,0,0,28,8,8.714,4.626,0,0,0,0,0,0,0,0,0,8,4.626,0,300,39936,0.008,1,1
8f679bb987d9e6f30bfde9ebafe9b2bf97f6276612e0293bb1e2b1e6b2cdb5b8,0.283,254,8,0.031,27,8.778,12,0.444,2,7,0.185,0,0,0,0,27,8,8.778,4.619,0,0,0,0,0,0,0,0,0,8,4.619,0,294,16384,0.018,1,1
93ace9c3ab5f95733ac1ad2c2da54159d641d53d473106e7fc97df788c9f5977,0.274,273,8,0.029,30,8.567,12,0.4,2,6.833,0.2,0,0,0,0,30,9,8.567,4.702,0,0,0,0,0,0,0,0,0,10,4.702,0,318,169984,0.002,1,1
2f7dd28d07af2332ca9b26ec6a74d7bd22bed4830dba589251cba91cec5fd02e,0.271,271,9,0.033,27,9.481,9,0.333,3,13,0.111,0,0,0,0,27,9,9.481,4.569,0,0,0,0,0,0,0,0,0,11,4.569,0,320,103936,0.003,2,2
e8ce977641ec47d6c3f3c50873596d5418a1db505a376d04dc084b1ef48347b8,0.278,265,8,0.03,28,8.893,12,0.429,2,7.833,0.214,0,0,0,0,28,8,8.893,4.716,0,0,0,0,0,0,0,0,0,8,4.716,0,305,44032,0.007,1,1
23f0b170035a1efd7a74ab9c3f74274685a7dbe9eaebca8a98fce5df3cd6a5c7,0.249,312,7,0.022,29,10.241,9,0.31,2,16,0.069,0,0,0,0,29,11,10.241,4.756,0,0,0,0,0.034,0.034,0,0,0,12,4.756,0,363,37888,0.01,1,1
8f679bb987d9e6f30bfde9ebafe9b2bf97f6276612e0293bb1e2b1e6b2cdb5b8,0.278,265,8,0.03,28,8.893,12,0.429,2,7.833,0.214,0,0,0,0,28,8,8.893,4.716,0,0,0,0,0,0,0,0,0,8,4.716,0,305,32768,0.009,1,1
290fe595c3e224cc0b415d461e5da4209276f45033ed2284fb99a49240280bff,0.283,254,8,0.031,27,8.778,12,0.444,2,7,0.185,0,0,0,0,27,8,8.778,4.619,0,0,0,0,0,0,0,0,0,8,4.619,0,294,33792,0.009,1,1
8f679bb987d9e6f30bfde9ebafe9b2bf97f6276612e0293bb1e2b1e6b2cdb5b8,0.278,265,8,0.03,28,8.893,12,0.429,2,7.833,0.214,0,0,0,0,28,8,8.893,4.716,0,0,0,0,0,0,0,0,0,8,4.716,0,305,95744,0.003,1,1
8f679bb987d9e6f30bfde9ebafe9b2bf97f6276612e0293bb1e2b1e6b2cdb5b8,0.278,265,8,0.03,28,8.893,12,0.429,2,7.833,0.214,0,0,0,0,28,8,8.893,4.716,0,0,0,0,0,0,0,0,0,8,4.716,0,305,16384,0.019,1,1
8f679bb987d9e6f30bfde9ebafe9b2bf97f6276612e0293bb1e2b1e6b2cdb5b8,0.278,265,8,0.03,28,8.893,12,0.429,2,7.833,0.214,0,0,0,0,28,8,8.893,4.716,0,0,0,0,0,0,0,0,0,8,4.716,0,305,15360,0.02,1,1
290fe595c3e224cc0b415d461e5da4209276f45033ed2284fb99a49240280bff,0.283,254,8,0.031,27,8.778,12,0.444,2,7,0.185,0,0,0,0,27,8,8.778,4.619,0,0,0,0,0,0,0,0,0,8,4.619,0,294,33280,0.009,1,1
290fe595c3e224cc0b415d461e5da4209276f45033ed2284fb99a49240280bff,0.283,254,8,0.031,27,8.778,12,0.444,2,7,0.185,0,0,0,0,27,8,8.778,4.619,0,0,0,0,0,0,0,0,0,8,4.619,0,294,34816,0.008,1,1
8f679bb987d9e6f30bfde9ebafe9b2bf97f6276612e0293bb1e2b1e6b2cdb5b8,0.283,254,8,0.031,27,8.778,12,0.444,2,7,0.185,0,0,0,0,27,8,8.778,4.619,0,0,0,0,0,0,0,0,0,8,4.619,0,294,16896,0.017,1,1
1b17d5b1b423b926a61b5982dc255285b8c25c9826aea6d97ce19d7fce56efea,0.28,307,10,0.033,35,8.229,13,0.371,3,7,0.2,0,0,0,0,35,10,8.229,4.732,0,0,0,0,0,0,0,0,0,11,4.732,0,359,684544,0.001,2,2
8f679bb987d9e6f30bfde9ebafe9b2bf97f6276612e0293bb1e2b1e6b2cdb5b8,0.283,254,8,0.031,27,8.778,12,0.444,2,7,0.185,0,0,0,0,27,8,8.778,4.619,0,0,0,0,0,0,0,0,0,8,4.619,0,294,23040,0.013,1,1
8f679bb987d9e6f30bfde9ebafe9b2bf97f6276612e0293bb1e2b1e6b2cdb5b8,0.282,259,8,0.031,28,8.679,12,0.429,2,6.833,0.214,0,0,0,0,28,8,8.679,4.632,0,0,0,0,0,0,0,0,0,8,4.632,0,299,34816,0.009,1,1
1b17d5b1b423b926a61b5982dc255285b8c25c9826aea6d97ce19d7fce56efea,0.28,307,10,0.033,35,8.229,13,0.371,3,7,0.2,0,0,0,0,35,10,8.229,4.732,0,0,0,0,0,0,0,0,0,11,4.732,0,359,677888,0.001,2,2
bb8bc0d6ab7e829f56821eb255755308aa09a4392ed40b06309ed04825121e90,0.283,293,9,0.031,31,8.839,13,0.419,3,8,0.226,0,0,0,0,31,9,8.839,4.7,0,0,0,0,0,0,0,0,0,9,4.7,0,338,39424,0.009,2,2
